Hit_res,Multi_scatter,noise_rate,efficency_err,epsilon,phi_range,theta_range,primary_verticies,event_count,ghost_rate_metrics,clone_fraction_metrics,reconstruction_efficiency_metrics,hit_efficiency_metrics,purity_metrics,total_rec_tracks_metrics,total_truth_tracks_metrics,ghost_tracks_metrics,clones_count_metrics
0,0,0.01,0.0,1.124999789103853e-06,0.2,0.2,"[[0, 0, -1.816087488751835], [0, 0, 0.44131364251659305], [0, 0, -1.537213373616546], [0, 0, -0.341958156531111]]",4,0.0,0.0,1.0,1.0,1.0,40,40,[],0
0,0,0.01,0.1,1.124999789103853e-06,0.2,0.2,"[[0, 0, -0.072459300358889], [0, 0, 1.044216533086686], [0, 0, 0.25126435536018404], [0, 0, -0.11561543385420801]]",4,0.0,0.0,1.0,1.0,1.0,40,40,[],0
0,0,0.01,0.02,1.124999789103853e-06,0.2,0.2,"[[0, 0, 0.8366514013091391], [0, 0, -0.64957412664691], [0, 0, 0.8879039155233631], [0, 0, -2.534226894039051]]",4,0.0,0.0,1.0,1.0,1.0,40,40,[],0
0,0,0.01,0.04,1.124999789103853e-06,0.2,0.2,"[[0, 0, -0.637475879277281], [0, 0, 0.166580481114763], [0, 0, 0.085886849331905], [0, 0, 0.47852882265655905]]",4,0.0,0.0,1.0,1.0,1.0,40,40,[],0
0,0,0.02,0.0,1.124999789103853e-06,0.2,0.2,"[[0, 0, -1.02835133324907], [0, 0, -0.6199642975510881], [0, 0, 0.32418053124222], [0, 0, -0.050543358617036]]",4,0.0,0.0,1.0,1.0,1.0,40,40,[],0
0,0,0.02,0.1,1.124999789103853e-06,0.2,0.2,"[[0, 0, 0.49445278166920203], [0, 0, -0.9183915994225861], [0, 0, -1.302313560884056], [0, 0, 0.08910670035998]]",4,0.0,0.0,1.0,1.0,1.0,40,40,[],0
0,0,0.02,0.02,1.124999789103853e-06,0.2,0.2,"[[0, 0, -0.03667872155631], [0, 0, -0.124458343442262], [0, 0, 0.011729465847417], [0, 0, 0.718961323392313]]",4,0.0,0.0,1.0,1.0,1.0,40,40,[],0
0,0,0.02,0.04,1.124999789103853e-06,0.2,0.2,"[[0, 0, -0.20413496433123102], [0, 0, 1.104846270332538], [0, 0, 0.013337053049168001], [0, 0, 1.19324408462319]]",4,0.0,0.0,1.0,1.0,1.0,40,40,[],0
0,0,0.04,0.0,1.124999789103853e-06,0.2,0.2,"[[0, 0, -2.386154857154818], [0, 0, -0.089640415484125], [0, 0, 0.572179045200922], [0, 0, 0.605302587471468]]",4,0.0,0.0,1.0,1.0,1.0,40,40,[],0
0,0,0.04,0.1,1.124999789103853e-06,0.2,0.2,"[[0, 0, 0.44050650878690506], [0, 0, -0.00080015926964], [0, 0, -0.145083482320051], [0, 0, 1.192089647496011]]",4,0.0,0.0,1.0,1.0,1.0,40,40,[],0
0,0,0.04,0.02,1.124999789103853e-06,0.2,0.2,"[[0, 0, 0.6054922205658251], [0, 0, 1.504573334789069], [0, 0, -0.45954596832244005], [0, 0, -0.11627360491143401]]",4,0.0,0.0,1.0,1.0,1.0,40,40,[],0
0,0,0.04,0.04,1.124999789103853e-06,0.2,0.2,"[[0, 0, -0.06312087551522401], [0, 0, -0.001649873088572], [0, 0, 1.314488981363458], [0, 0, 0.484383860217092]]",4,0.0,0.0,1.0,1.0,1.0,40,40,[],0
0,0.0002,0.01,0.0,1.124999789103853e-06,0.2,0.2,"[[0, 0, 1.857067402817763], [0, 0, 0.987050027289438], [0, 0, -0.295615791127366], [0, 0, 0.267610260436845]]",4,0.0,0.0,1.0,0.985,1.0,40,40,[],0
0,0.0002,0.01,0.1,1.124999789103853e-06,0.2,0.2,"[[0, 0, -0.14043812642109502], [0, 0, -0.6489905866372631], [0, 0, -1.676853485168496], [0, 0, 0.5166313495441981]]",4,0.0,0.0,1.0,0.988888888888888,1.0,40,40,[],0
0,0.0002,0.01,0.02,1.124999789103853e-06,0.2,0.2,"[[0, 0, -0.30482027585118204], [0, 0, -0.9031021412306701], [0, 0, -0.031478627877236], [0, 0, 1.691738139592968]]",4,0.0,0.0,1.0,0.9795918367346931,1.0,40,40,[],0
0,0.0002,0.01,0.04,1.124999789103853e-06,0.2,0.2,"[[0, 0, -1.523688566629872], [0, 0, 0.465229592674256], [0, 0, 0.273579080131586], [0, 0, -0.40169744557526504]]",4,0.0,0.0,1.0,0.984375,1.0,40,40,[],0
0,0.0002,0.02,0.0,1.124999789103853e-06,0.2,0.2,"[[0, 0, -1.1038684858799561], [0, 0, -0.295739389913243], [0, 0, -0.47676318665029305], [0, 0, 0.24870619965411103]]",4,0.0,0.0,1.0,0.99,1.0,40,40,[],0
0,0.0002,0.02,0.1,1.124999789103853e-06,0.2,0.2,"[[0, 0, 3.234443807758033], [0, 0, -0.9017015043202561], [0, 0, 0.33728081543472005], [0, 0, 0.126858137992806]]",4,0.0,0.0,1.0,0.988888888888888,1.0,40,40,[],0
0,0.0002,0.02,0.02,1.124999789103853e-06,0.2,0.2,"[[0, 0, -0.05643721000825701], [0, 0, -0.18739220176148003], [0, 0, -0.509191278689914], [0, 0, 1.178644071602849]]",4,0.0,0.0,1.0,0.9948979591836731,1.0,40,40,[],0
0,0.0002,0.02,0.04,1.124999789103853e-06,0.2,0.2,"[[0, 0, 0.9327707484162241], [0, 0, -0.295436935910866], [0, 0, -0.26416024299157304], [0, 0, -0.153884511620192]]",4,0.0,0.0,1.0,0.9947916666666661,1.0,40,40,[],0
0,0.0002,0.04,0.0,1.124999789103853e-06,0.2,0.2,"[[0, 0, -1.8148696033628502], [0, 0, 1.19158696610203], [0, 0, 0.278600802785115], [0, 0, 1.133675126676038]]",4,0.0,0.0,1.0,0.995,1.0,40,40,[],0
0,0.0002,0.04,0.1,1.124999789103853e-06,0.2,0.2,"[[0, 0, 2.000164663346534], [0, 0, -0.22814171455614002], [0, 0, 0.24082801722121602], [0, 0, -0.345754636919545]]",4,0.0,0.0,1.0,0.9777777777777771,1.0,40,40,[],0
0,0.0002,0.04,0.02,1.124999789103853e-06,0.2,0.2,"[[0, 0, 1.10788549883286], [0, 0, -0.040222661674603005], [0, 0, 1.01509402262015], [0, 0, 1.133755369086508]]",4,0.0,0.0,1.0,0.9948979591836731,1.0,40,40,[],0
0,0.0002,0.04,0.04,1.124999789103853e-06,0.2,0.2,"[[0, 0, 1.658269057592142], [0, 0, -0.7755486522667161], [0, 0, 0.28162138507302903], [0, 0, -0.28419139617670003]]",4,0.0,0.0,1.0,0.9791666666666661,1.0,40,40,[],0
0,0.0004,0.01,0.0,1.999999333368585e-06,0.2,0.2,"[[0, 0, -0.11506935350404901], [0, 0, 0.25149420719410703], [0, 0, -1.178285677412311], [0, 0, 0.9005161969345881]]",4,0.0,0.0,1.0,0.795,1.0,40,40,[],0
0,0.0004,0.01,0.1,1.999999333368585e-06,0.2,0.2,"[[0, 0, 0.767477883354241], [0, 0, -1.9258150428003271], [0, 0, 0.47200127560929506], [0, 0, 0.6087419959333741]]",4,0.0,0.0,0.975,0.766666666666666,1.0,39,40,[],0
0,0.0004,0.01,0.02,1.999999333368585e-06,0.2,0.2,"[[0, 0, -0.201608325665342], [0, 0, 0.24984760479417403], [0, 0, -0.777600468436286], [0, 0, 0.10118647617770701]]",4,0.0,0.0,1.0,0.785714285714285,1.0,40,40,[],0
0,0.0004,0.01,0.04,1.999999333368585e-06,0.2,0.2,"[[0, 0, -1.4897879009709], [0, 0, -0.991051666914554], [0, 0, 2.029034335539957], [0, 0, 1.083860110317759]]",4,0.0,0.0,1.0,0.765625,1.0,40,40,[],0
0,0.0004,0.02,0.0,1.999999333368585e-06,0.2,0.2,"[[0, 0, 0.160856033927492], [0, 0, 1.821764576091911], [0, 0, -1.279318151407196], [0, 0, -1.7180354145004681]]",4,0.0,0.0,0.975,0.81,1.0,39,40,[],0
0,0.0004,0.02,0.1,1.999999333368585e-06,0.2,0.2,"[[0, 0, -0.575424505049353], [0, 0, 0.15942111790354302], [0, 0, -0.31564614274302405], [0, 0, -0.363481833559373]]",4,0.0,0.0,0.975,0.772222222222222,1.0,39,40,[],0
0,0.0004,0.02,0.02,1.999999333368585e-06,0.2,0.2,"[[0, 0, -0.32616849393680003], [0, 0, 0.44619441118548003], [0, 0, 0.9461406519170711], [0, 0, -1.047997321142725]]",4,0.0,0.0,1.0,0.8265306122448981,1.0,40,40,[],0
0,0.0004,0.02,0.04,1.999999333368585e-06,0.2,0.2,"[[0, 0, 0.528897320140091], [0, 0, 1.3407906960159601], [0, 0, 1.3408592032659241], [0, 0, 1.533006158037985]]",4,0.0,0.0,1.0,0.770833333333333,1.0,40,40,[],0
0,0.0004,0.04,0.0,1.999999333368585e-06,0.2,0.2,"[[0, 0, 0.22111679512041202], [0, 0, -0.8243822983519581], [0, 0, 0.32631199678884204], [0, 0, -0.30209612422112103]]",4,0.0,0.0,1.0,0.8200000000000001,1.0,40,40,[],0
0,0.0004,0.04,0.1,1.999999333368585e-06,0.2,0.2,"[[0, 0, -0.407798137861669], [0, 0, 2.261213630600492], [0, 0, -0.715607143106861], [0, 0, -1.08748140785784]]",4,0.0,0.0,1.0,0.7555555555555551,1.0,40,40,[],0
0,0.0004,0.04,0.02,1.999999333368585e-06,0.2,0.2,"[[0, 0, 0.035300099938218005], [0, 0, -0.363811279226734], [0, 0, -0.282797117735388], [0, 0, 1.8280866371335902]]",4,0.0,0.0,0.975,0.801020408163265,1.0,39,40,[],0
0,0.0004,0.04,0.04,1.999999333368585e-06,0.2,0.2,"[[0, 0, -0.18272491410895803], [0, 0, -1.226426783561218], [0, 0, 1.598187205419317], [0, 0, 1.113743457339183]]",4,0.0,0.0,1.0,0.7916666666666661,1.0,40,40,[],0
0,0.0006000000000000001,0.01,0.0,4.4999966249958945e-06,0.2,0.2,"[[0, 0, 0.26519527459704], [0, 0, -0.20523934713069], [0, 0, -0.9294339919255231], [0, 0, 1.596427532189653]]",4,0.0,0.0,0.8250000000000001,0.56,1.0,33,40,[],0
0,0.0006000000000000001,0.01,0.1,4.4999966249958945e-06,0.2,0.2,"[[0, 0, 2.183718875316135], [0, 0, 2.127266906227991], [0, 0, 2.448104016869012], [0, 0, 0.45688743793004305]]",4,0.0,0.0,0.8250000000000001,0.533333333333333,1.0,33,40,[],0
0,0.0006000000000000001,0.01,0.02,4.4999966249958945e-06,0.2,0.2,"[[0, 0, 0.505219953128901], [0, 0, 0.644980542928272], [0, 0, 1.411671741696493], [0, 0, 0.47781545103441203]]",4,0.0,0.0,0.85,0.5561224489795911,1.0,34,40,[],0
0,0.0006000000000000001,0.01,0.04,4.4999966249958945e-06,0.2,0.2,"[[0, 0, 0.667572255461029], [0, 0, -0.092530299652763], [0, 0, 1.068512677008889], [0, 0, 1.546808017134966]]",4,0.0,0.0,0.925,0.6354166666666661,1.0,37,40,[],0
0,0.0006000000000000001,0.02,0.0,4.4999966249958945e-06,0.2,0.2,"[[0, 0, 0.45389248721753506], [0, 0, 1.29786380737109], [0, 0, -0.13558857141702402], [0, 0, 0.7784682985501361]]",4,0.0,0.0,0.8250000000000001,0.52,1.0,33,40,[],0
0,0.0006000000000000001,0.02,0.1,4.4999966249958945e-06,0.2,0.2,"[[0, 0, 1.466718522312546], [0, 0, 0.15861346363363102], [0, 0, -0.6789276337868111], [0, 0, 0.23495968511341303]]",4,0.0,0.0,0.8250000000000001,0.5055555555555551,1.0,33,40,[],0
0,0.0006000000000000001,0.02,0.02,4.4999966249958945e-06,0.2,0.2,"[[0, 0, -0.5046311082446], [0, 0, -0.628308773251077], [0, 0, -1.5927388693682132], [0, 0, 0.037687965395144005]]",4,0.0,0.0,0.875,0.581632653061224,1.0,35,40,[],0
0,0.0006000000000000001,0.02,0.04,4.4999966249958945e-06,0.2,0.2,"[[0, 0, -0.192852507991633], [0, 0, 0.59626359134321], [0, 0, 1.681567486048755], [0, 0, 0.712066181512207]]",4,0.032258064516129004,0.0,0.75,0.484375,1.0,31,40,[13],0
0,0.0006000000000000001,0.04,0.0,4.4999966249958945e-06,0.2,0.2,"[[0, 0, -0.17284381744898902], [0, 0, 0.647658467335902], [0, 0, 1.7131853367909131], [0, 0, 0.41732324039649005]]",4,0.0,0.0,0.75,0.485,1.0,30,40,[],0
0,0.0006000000000000001,0.04,0.1,4.4999966249958945e-06,0.2,0.2,"[[0, 0, 1.064024778913815], [0, 0, -1.5754117271971602], [0, 0, -1.027569078502052], [0, 0, 0.120880244906301]]",4,0.0,0.0,0.925,0.616666666666666,1.0,37,40,[],0
0,0.0006000000000000001,0.04,0.02,4.4999966249958945e-06,0.2,0.2,"[[0, 0, -1.123131062762403], [0, 0, -0.12540617392757], [0, 0, -0.9717790089108821], [0, 0, -0.278425646763411]]",4,0.0,0.0,0.9,0.5867346938775511,1.0,36,40,[],0
0,0.0006000000000000001,0.04,0.04,4.4999966249958945e-06,0.2,0.2,"[[0, 0, -1.431315592577762], [0, 0, 0.050628255636122006], [0, 0, 0.44446749932356305], [0, 0, -0.32908657990738804]]",4,0.0,0.0,0.8250000000000001,0.536458333333333,1.0,33,40,[],0
0,0.0008,0.01,0.0,7.999989333318247e-06,0.2,0.2,"[[0, 0, -0.284379386302109], [0, 0, 0.8088252287118881], [0, 0, 0.05872727686409301], [0, 0, -0.896646983407945]]",4,0.0,0.0,0.65,0.41500000000000004,1.0,26,40,[],0
0,0.0008,0.01,0.1,7.999989333318247e-06,0.2,0.2,"[[0, 0, -0.41360394751767104], [0, 0, -0.28463738382996], [0, 0, -0.8453472520195571], [0, 0, 1.033392040234176]]",4,0.0,0.0,0.625,0.416666666666666,1.0,25,40,[],0
0,0.0008,0.01,0.02,7.999989333318247e-06,0.2,0.2,"[[0, 0, 0.910979671742962], [0, 0, -0.5005009246317], [0, 0, 2.331734162811739], [0, 0, -0.7615221449952221]]",4,0.0,0.0,0.7000000000000001,0.38265306122448906,1.0,28,40,[],0
0,0.0008,0.01,0.04,7.999989333318247e-06,0.2,0.2,"[[0, 0, -0.9481078990774631], [0, 0, -0.271717787248733], [0, 0, 0.380374233085762], [0, 0, -0.604334644116971]]",4,0.0,0.0,0.5,0.28125,1.0,20,40,[],0
0,0.0008,0.02,0.0,7.999989333318247e-06,0.2,0.2,"[[0, 0, 0.8697717450934771], [0, 0, 1.398291042244733], [0, 0, 1.694166620449781], [0, 0, -0.6599939292904481]]",4,0.0,0.0,0.625,0.36,1.0,25,40,[],0
0,0.0008,0.02,0.1,7.999989333318247e-06,0.2,0.2,"[[0, 0, 0.6507784894781531], [0, 0, -0.37478469670673803], [0, 0, -0.6380496787420891], [0, 0, -0.792474059454489]]",4,0.0,0.0,0.525,0.34444444444444405,1.0,21,40,[],0
0,0.0008,0.02,0.02,7.999989333318247e-06,0.2,0.2,"[[0, 0, -1.417135445940521], [0, 0, -0.30165114809701105], [0, 0, 0.269514580567754], [0, 0, 0.7102154545294641]]",4,0.0,0.0,0.47500000000000003,0.29591836734693805,1.0,19,40,[],0
0,0.0008,0.02,0.04,7.999989333318247e-06,0.2,0.2,"[[0, 0, 0.16574707162942], [0, 0, -0.530525319601573], [0, 0, 0.187028015341795], [0, 0, 0.25055258034690003]]",4,0.0,0.0,0.625,0.369791666666666,1.0,25,40,[],0
0,0.0008,0.04,0.0,7.999989333318247e-06,0.2,0.2,"[[0, 0, 0.22317153317568303], [0, 0, -0.698766425630955], [0, 0, 0.47609750549616403], [0, 0, -0.119853821348884]]",4,0.0,0.0,0.525,0.305,1.0,21,40,[],0
0,0.0008,0.04,0.1,7.999989333318247e-06,0.2,0.2,"[[0, 0, 0.791223415345878], [0, 0, -1.457305893811316], [0, 0, 0.034567824729318006], [0, 0, -0.774381610938301]]",4,0.0,0.0,0.625,0.33333333333333304,1.0,25,40,[],0
0,0.0008,0.04,0.02,7.999989333318247e-06,0.2,0.2,"[[0, 0, 0.9565003915631761], [0, 0, 2.173420224931529], [0, 0, 1.401812311017062], [0, 0, 0.37652016859895604]]",4,0.0,0.0,0.35000000000000003,0.204081632653061,0.9857142857142851,14,40,[],0
0,0.0008,0.04,0.04,7.999989333318247e-06,0.2,0.2,"[[0, 0, 0.9442759938552091], [0, 0, -2.247951689940994], [0, 0, 1.428365615580777], [0, 0, 0.113565643416729]]",4,0.0,0.0,0.65,0.354166666666666,1.0,26,40,[],0
0,0.001,0.01,0.0,1.2499973958357552e-05,0.2,0.2,"[[0, 0, -0.233316562699995], [0, 0, -0.27227440512657203], [0, 0, -0.440559747098527], [0, 0, -0.07844815167626701]]",4,0.0,0.0,0.45,0.26,1.0,18,40,[],0
0,0.001,0.01,0.1,1.2499973958357552e-05,0.2,0.2,"[[0, 0, -1.966515331555704], [0, 0, -1.255100657001314], [0, 0, 0.256929473525226], [0, 0, 0.10821049630321701]]",4,0.0,0.0,0.4,0.216666666666666,1.0,16,40,[],0
0,0.001,0.01,0.02,1.2499973958357552e-05,0.2,0.2,"[[0, 0, -0.629136107054686], [0, 0, -0.5329639025907841], [0, 0, 1.18648369191358], [0, 0, 0.21789267242114102]]",4,0.0,0.0,0.325,0.188775510204081,1.0,13,40,[],0
0,0.001,0.01,0.04,1.2499973958357552e-05,0.2,0.2,"[[0, 0, 1.058380971565434], [0, 0, -0.8250144594666101], [0, 0, 0.5368474871123531], [0, 0, 0.23936552690359203]]",4,0.0,0.0,0.30000000000000004,0.16666666666666602,1.0,12,40,[],0
0,0.001,0.02,0.0,1.2499973958357552e-05,0.2,0.2,"[[0, 0, 1.207416502495471], [0, 0, 0.08029308167998801], [0, 0, 0.051127208048279006], [0, 0, 3.380938725019489]]",4,0.0,0.0,0.425,0.24,1.0,17,40,[],0
0,0.001,0.02,0.1,1.2499973958357552e-05,0.2,0.2,"[[0, 0, -2.324238922556258], [0, 0, -0.812883927003326], [0, 0, 0.236728121104842], [0, 0, -1.806436305599866]]",4,0.0,0.0,0.325,0.177777777777777,1.0,13,40,[],0
0,0.001,0.02,0.02,1.2499973958357552e-05,0.2,0.2,"[[0, 0, 0.12280183398881], [0, 0, 0.9755725243573381], [0, 0, -0.017191735835984], [0, 0, -0.24366370876162502]]",4,0.0,0.0,0.47500000000000003,0.29591836734693805,1.0,19,40,[],0
0,0.001,0.02,0.04,1.2499973958357552e-05,0.2,0.2,"[[0, 0, -1.426507403451478], [0, 0, 0.29790702227742], [0, 0, 0.752073152945383], [0, 0, -0.9032070762225071]]",4,0.0,0.0,0.425,0.223958333333333,1.0,17,40,[],0
0,0.001,0.04,0.0,1.2499973958357552e-05,0.2,0.2,"[[0, 0, 1.342580352789352], [0, 0, 1.3513349447417982], [0, 0, -0.5667759450217971], [0, 0, 1.493479823212438]]",4,0.0,0.0,0.30000000000000004,0.17,1.0,12,40,[],0
0,0.001,0.04,0.1,1.2499973958357552e-05,0.2,0.2,"[[0, 0, 1.056527892013363], [0, 0, -0.22798101589737202], [0, 0, -0.808352865499756], [0, 0, 0.800353466522512]]",4,0.0,0.0,0.35000000000000003,0.2,1.0,14,40,[],0
0,0.001,0.04,0.02,1.2499973958357552e-05,0.2,0.2,"[[0, 0, -0.943335322820495], [0, 0, 0.40079440475915], [0, 0, -0.934197309039101], [0, 0, -1.2819249217028141]]",4,0.0,0.0,0.375,0.224489795918367,1.0,15,40,[],0
0,0.001,0.04,0.04,1.2499973958357552e-05,0.2,0.2,"[[0, 0, -0.30918217875118503], [0, 0, 0.5985241730706691], [0, 0, -1.7561812086482511], [0, 0, -0.126626902213722]]",4,0.0,0.0,0.35000000000000003,0.18229166666666602,1.0,14,40,[],0
0.002,0,0.01,0.0,1.124999789103853e-06,0.2,0.2,"[[0, 0, 0.7227336400673721], [0, 0, -0.522229112404584], [0, 0, 0.8172310523964871], [0, 0, 1.314456138648197]]",4,0.0,0.0,1.0,1.0,1.0,40,40,[],0
0.002,0,0.01,0.1,1.124999789103853e-06,0.2,0.2,"[[0, 0, 1.6413574879326], [0, 0, -0.06678427718711101], [0, 0, 0.853533016668624], [0, 0, 0.6612447573593611]]",4,0.0,0.0,1.0,1.0,1.0,40,40,[],0
0.002,0,0.01,0.02,1.124999789103853e-06,0.2,0.2,"[[0, 0, 0.621614430343161], [0, 0, -0.47694351214013403], [0, 0, 0.8067225429999261], [0, 0, 0.774310529909865]]",4,0.0,0.0,1.0,1.0,1.0,40,40,[],0
0.002,0,0.01,0.04,1.124999789103853e-06,0.2,0.2,"[[0, 0, -0.27526466113139403], [0, 0, -0.9670618672383691], [0, 0, 1.436386839538521], [0, 0, -1.019195537723965]]",4,0.0,0.0,1.0,1.0,1.0,40,40,[],0
0.002,0,0.02,0.0,1.124999789103853e-06,0.2,0.2,"[[0, 0, 1.290323542663603], [0, 0, 0.117266081953296], [0, 0, -0.417448484539841], [0, 0, -0.7049710952798921]]",4,0.0,0.0,1.0,1.0,1.0,40,40,[],0
0.002,0,0.02,0.1,1.124999789103853e-06,0.2,0.2,"[[0, 0, 0.37123875566415304], [0, 0, -1.33812798080378], [0, 0, 0.57818456232561], [0, 0, -0.09303823719447]]",4,0.0,0.0,1.0,1.0,1.0,40,40,[],0
0.002,0,0.02,0.02,1.124999789103853e-06,0.2,0.2,"[[0, 0, -0.315799794354413], [0, 0, 1.157227357361646], [0, 0, 2.01391352107273], [0, 0, 0.20372759127762502]]",4,0.0,0.0,1.0,1.0,1.0,40,40,[],0
0.002,0,0.02,0.04,1.124999789103853e-06,0.2,0.2,"[[0, 0, -0.225021916854965], [0, 0, 1.008418490831461], [0, 0, -0.28302489448969004], [0, 0, 0.544128639075658]]",4,0.0,0.0,1.0,1.0,1.0,40,40,[],0
0.002,0,0.04,0.0,1.124999789103853e-06,0.2,0.2,"[[0, 0, 1.2877740301524891], [0, 0, 0.358469618647461], [0, 0, 3.854302936152964], [0, 0, 1.7630880137938951]]",4,0.0,0.0,1.0,1.0,1.0,40,40,[],0
0.002,0,0.04,0.1,1.124999789103853e-06,0.2,0.2,"[[0, 0, -0.49466729393836106], [0, 0, 0.303817764735736], [0, 0, 0.583382118743314], [0, 0, -0.5926821351739181]]",4,0.0,0.0,1.0,1.0,1.0,40,40,[],0
0.002,0,0.04,0.04,1.124999789103853e-06,0.2,0.2,"[[0, 0, 0.5303234194918981], [0, 0, -0.22817464705109403], [0, 0, -0.5793205788132211], [0, 0, -0.377038472553314]]",4,0.0,0.0,1.0,1.0,1.0,40,40,[],0
0.002,0.0002,0.01,0.0,1.124999789103853e-06,0.2,0.2,"[[0, 0, -1.212812305538257], [0, 0, -0.8243407828814251], [0, 0, 0.287498603868079], [0, 0, -0.5582021276789061]]",4,0.0,0.0,1.0,0.985,1.0,40,40,[],0
0.002,0.0002,0.01,0.1,1.124999789103853e-06,0.2,0.2,"[[0, 0, 2.066713269108834], [0, 0, 0.17551871295236302], [0, 0, -0.546816292889538], [0, 0, -1.262478529788973]]",4,0.0,0.0,1.0,0.9833333333333331,1.0,40,40,[],0
0.002,0.0002,0.01,0.02,1.124999789103853e-06,0.2,0.2,"[[0, 0, 1.692062527080332], [0, 0, -0.336307905426936], [0, 0, 1.280992794147331], [0, 0, -0.26035989962862705]]",4,0.025641025641025002,0.0,0.9500000000000001,0.9336734693877551,1.0,39,40,[4],0
0.002,0.0002,0.01,0.04,1.124999789103853e-06,0.2,0.2,"[[0, 0, 0.9236632531820621], [0, 0, -2.447174180840301], [0, 0, -3.068363537888981], [0, 0, -1.768178074982481]]",4,0.0,0.0,1.0,0.984375,1.0,40,40,[],0
0.002,0.0002,0.02,0.0,1.124999789103853e-06,0.2,0.2,"[[0, 0, 0.09565698469227901], [0, 0, -0.46906035005420804], [0, 0, -0.238143497636004], [0, 0, 0.9201616197366881]]",4,0.0,0.0,1.0,0.98,1.0,40,40,[],0
0.002,0.0002,0.02,0.1,1.124999789103853e-06,0.2,0.2,"[[0, 0, 0.22167914596211402], [0, 0, 1.228721164931522], [0, 0, -2.890962254089226], [0, 0, -0.9907008639022081]]",4,0.0,0.0,1.0,0.988888888888888,1.0,40,40,[],0
0.002,0.0002,0.02,0.02,1.124999789103853e-06,0.2,0.2,"[[0, 0, 0.07258444957158301], [0, 0, 0.076497492967579], [0, 0, -1.024088211919491], [0, 0, 0.990002955053737]]",4,0.0,0.0,1.0,0.9795918367346931,1.0,40,40,[],0
0.002,0.0002,0.02,0.04,1.124999789103853e-06,0.2,0.2,"[[0, 0, 0.981486294852802], [0, 0, 1.2706451676734631], [0, 0, 1.345960143234588], [0, 0, -0.7654338130528471]]",4,0.0,0.0,1.0,0.984375,1.0,40,40,[],0
0.002,0.0002,0.04,0.0,1.124999789103853e-06,0.2,0.2,"[[0, 0, 0.016170453304646], [0, 0, 1.242382255036522], [0, 0, -0.23879444252084903], [0, 0, 0.20435446751508002]]",4,0.0,0.0,1.0,0.96,1.0,40,40,[],0
0.002,0.0002,0.04,0.1,1.124999789103853e-06,0.2,0.2,"[[0, 0, -0.21036620951071203], [0, 0, -1.205800134925813], [0, 0, -0.20495136646042303], [0, 0, 0.24758107235546703]]",4,0.0,0.0,1.0,0.9833333333333331,1.0,40,40,[],0
0.002,0.0002,0.04,0.02,1.124999789103853e-06,0.2,0.2,"[[0, 0, -0.276636498760766], [0, 0, 0.07273816177474801], [0, 0, -0.9606768075622081], [0, 0, -2.145106176849234]]",4,0.0,0.0,1.0,0.989795918367346,1.0,40,40,[],0
0.002,0.0002,0.04,0.04,1.124999789103853e-06,0.2,0.2,"[[0, 0, -2.277292091600157], [0, 0, 1.822502162657154], [0, 0, 1.744537418018726], [0, 0, -1.569041494832722]]",4,0.0,0.0,1.0,0.989583333333333,1.0,40,40,[],0
0.002,0.0004,0.01,0.0,1.999999333368585e-06,0.2,0.2,"[[0, 0, 0.07370206480629801], [0, 0, 0.703443078896663], [0, 0, 0.5039492056143481], [0, 0, 0.194308192554964]]",4,0.0,0.0,1.0,0.8200000000000001,1.0,40,40,[],0
0.002,0.0004,0.01,0.1,1.999999333368585e-06,0.2,0.2,"[[0, 0, 0.544124725770613], [0, 0, -0.49532350601211006], [0, 0, 2.8088888502303533], [0, 0, -0.043321225606824006]]",4,0.0,0.0,0.975,0.7833333333333331,1.0,39,40,[],0
0.002,0.0004,0.01,0.02,1.999999333368585e-06,0.2,0.2,"[[0, 0, 0.24072769950410003], [0, 0, 0.8633790519843331], [0, 0, 1.456319037372801], [0, 0, 0.730509444888213]]",4,0.0,0.0,1.0,0.816326530612244,1.0,40,40,[],0
0.002,0.0004,0.01,0.04,1.999999333368585e-06,0.2,0.2,"[[0, 0, 0.578388569074729], [0, 0, 0.073623458391395], [0, 0, 1.180170965417447], [0, 0, -0.701673804241638]]",4,0.0,0.0,1.0,0.8072916666666661,1.0,40,40,[],0
0.002,0.0004,0.02,0.0,1.999999333368585e-06,0.2,0.2,"[[0, 0, 0.094847882459547], [0, 0, 0.9189911464177251], [0, 0, -0.421054091329202], [0, 0, 1.8469695720011252]]",4,0.0,0.0,0.975,0.8150000000000001,1.0,39,40,[],0
0.002,0.0004,0.02,0.1,1.999999333368585e-06,0.2,0.2,"[[0, 0, 0.011186260109101], [0, 0, -1.385767113001066], [0, 0, 0.9344978744506751], [0, 0, 0.506209309150157]]",4,0.0,0.0,1.0,0.8111111111111111,1.0,40,40,[],0
0.002,0.0004,0.02,0.02,1.999999333368585e-06,0.2,0.2,"[[0, 0, -0.8859857870880261], [0, 0, -0.026235369154769], [0, 0, -0.719595931289938], [0, 0, 0.23592837762156402]]",4,0.0,0.0,1.0,0.785714285714285,1.0,40,40,[],0
0.002,0.0004,0.02,0.04,1.999999333368585e-06,0.2,0.2,"[[0, 0, 1.03800464426097], [0, 0, -0.13706876067408702], [0, 0, 0.123782839528613], [0, 0, 1.209756135612333]]",4,0.025641025641025002,0.0,0.9500000000000001,0.770833333333333,1.0,39,40,[9],0
0.002,0.0004,0.04,0.0,1.999999333368585e-06,0.2,0.2,"[[0, 0, -0.34599003027679603], [0, 0, 0.218325211795299], [0, 0, -0.506310173067827], [0, 0, -2.787878414143949]]",4,0.0,0.0,1.0,0.81,1.0,40,40,[],0
0.002,0.0004,0.04,0.1,1.999999333368585e-06,0.2,0.2,"[[0, 0, 1.6518146315399451], [0, 0, -0.007890965726101], [0, 0, 0.570834238079863], [0, 0, 1.304214945740265]]",4,0.0,0.0,0.975,0.7611111111111111,1.0,39,40,[],0
0.002,0.0004,0.04,0.02,1.999999333368585e-06,0.2,0.2,"[[0, 0, 1.726499257174278], [0, 0, -0.9441518110580911], [0, 0, -0.873510857347609], [0, 0, 0.954152544359621]]",4,0.0,0.0,0.9500000000000001,0.709183673469387,1.0,38,40,[],0
0.002,0.0004,0.04,0.04,1.999999333368585e-06,0.2,0.2,"[[0, 0, 0.5234008750597541], [0, 0, 0.09988870435326601], [0, 0, 0.10587683736518701], [0, 0, -1.536397426365929]]",4,0.0,0.0,0.975,0.8072916666666661,1.0,39,40,[],0
0.002,0.0006000000000000001,0.01,0.0,4.4999966249958945e-06,0.2,0.2,"[[0, 0, -0.256347186007266], [0, 0, 0.7615897638915571], [0, 0, -1.997612697098493], [0, 0, 1.110164358920319]]",4,0.0,0.0,0.9500000000000001,0.615,1.0,38,40,[],0
0.002,0.0006000000000000001,0.01,0.1,4.4999966249958945e-06,0.2,0.2,"[[0, 0, -0.307175827314482], [0, 0, 1.481121502969801], [0, 0, -2.126997267503663], [0, 0, -0.21752239332681503]]",4,0.0,0.0,0.75,0.477777777777777,1.0,30,40,[],0
0.002,0.0006000000000000001,0.01,0.02,4.4999966249958945e-06,0.2,0.2,"[[0, 0, 0.34715792618844704], [0, 0, 1.378134571007255], [0, 0, -0.37949702215080205], [0, 0, -1.753290625915223]]",4,0.0,0.0,0.9,0.566326530612244,1.0,36,40,[],0
0.002,0.0006000000000000001,0.01,0.04,4.4999966249958945e-06,0.2,0.2,"[[0, 0, -1.45713090808765], [0, 0, -0.29807759377527404], [0, 0, 0.6869506495247161], [0, 0, 1.3755012021922]]",4,0.0,0.0,0.85,0.546875,0.9926470588235291,34,40,[],0
0.002,0.0006000000000000001,0.02,0.0,4.4999966249958945e-06,0.2,0.2,"[[0, 0, -1.167770987802949], [0, 0, -1.206201741991328], [0, 0, 0.717406686792543], [0, 0, -0.6423292648730861]]",4,0.0,0.0,0.85,0.56,1.0,34,40,[],0
0.002,0.0006000000000000001,0.02,0.1,4.4999966249958945e-06,0.2,0.2,"[[0, 0, -0.964374433945935], [0, 0, 1.500109911372912], [0, 0, -0.022308793372295], [0, 0, -0.656311237281454]]",4,0.0,0.0,0.8250000000000001,0.5666666666666661,1.0,33,40,[],0
0.002,0.0006000000000000001,0.02,0.02,4.4999966249958945e-06,0.2,0.2,"[[0, 0, 1.780341308584127], [0, 0, 0.039304689665964], [0, 0, -0.6439732795848641], [0, 0, -0.388359011532379]]",4,0.0,0.0,0.8250000000000001,0.520408163265306,0.9939393939393931,33,40,[],0
0.002,0.0006000000000000001,0.02,0.04,4.4999966249958945e-06,0.2,0.2,"[[0, 0, 0.307139793062699], [0, 0, 1.818723452571502], [0, 0, 2.215181138810868], [0, 0, -0.136193777611891]]",4,0.0,0.0,0.85,0.5572916666666661,1.0,34,40,[],0
0.002,0.0006000000000000001,0.04,0.0,4.4999966249958945e-06,0.2,0.2,"[[0, 0, -1.612566617098371], [0, 0, -0.44935842925399405], [0, 0, -0.39431764831545], [0, 0, 0.272111819482978]]",4,0.0,0.0,0.85,0.53,1.0,34,40,[],0
0.002,0.0006000000000000001,0.04,0.1,4.4999966249958945e-06,0.2,0.2,"[[0, 0, -0.508990144072747], [0, 0, 0.030994125138962002], [0, 0, 1.126806374138122], [0, 0, -0.258411570528223]]",4,0.0,0.0,0.775,0.516666666666666,1.0,31,40,[],0
0.002,0.0006000000000000001,0.04,0.02,4.4999966249958945e-06,0.2,0.2,"[[0, 0, -2.330355673166166], [0, 0, 1.469414454904192], [0, 0, 0.234829419718997], [0, 0, -1.18489985934519]]",4,0.0,0.0,0.9500000000000001,0.632653061224489,1.0,38,40,[],0
0.002,0.0006000000000000001,0.04,0.04,4.4999966249958945e-06,0.2,0.2,"[[0, 0, 0.891112620945619], [0, 0, 1.057603749116173], [0, 0, 0.149520416549345], [0, 0, 0.42226914107516705]]",4,0.0,0.0,0.8250000000000001,0.552083333333333,1.0,33,40,[],0
0.002,0.0008,0.01,0.0,7.999989333318247e-06,0.2,0.2,"[[0, 0, 1.401049511715502], [0, 0, -1.4527135097193051], [0, 0, 1.101180223268369], [0, 0, 0.475817771141876]]",4,0.0,0.0,0.525,0.305,1.0,21,40,[],0
0.002,0.0008,0.01,0.1,7.999989333318247e-06,0.2,0.2,"[[0, 0, -0.7779552767717951], [0, 0, -0.964896470258048], [0, 0, 1.95524573748224], [0, 0, 1.020426208172551]]",4,0.0,0.0,0.625,0.36111111111111105,1.0,25,40,[],0
0.002,0.0008,0.01,0.02,7.999989333318247e-06,0.2,0.2,"[[0, 0, 0.671142391117529], [0, 0, 0.18469456505596502], [0, 0, 0.19096028679825802], [0, 0, -1.170715826886142]]",4,0.0,0.0,0.525,0.31122448979591805,1.0,21,40,[],0
0.002,0.0008,0.01,0.04,7.999989333318247e-06,0.2,0.2,"[[0, 0, -0.8530103441272471], [0, 0, 0.8118730914912721], [0, 0, 1.258687848584124], [0, 0, 0.498304320562082]]",4,0.0,0.0,0.55,0.3125,1.0,22,40,[],0
0.002,0.0008,0.02,0.0,7.999989333318247e-06,0.2,0.2,"[[0, 0, 1.27264203463858], [0, 0, -0.08774965207714], [0, 0, -0.487654794070203], [0, 0, -0.396032489050099]]",4,0.0,0.0,0.47500000000000003,0.245,1.0,19,40,[],0
0.002,0.0008,0.02,0.1,7.999989333318247e-06,0.2,0.2,"[[0, 0, -0.29316594895638004], [0, 0, -0.368316375032181], [0, 0, -1.080470087667283], [0, 0, 0.580287652833088]]",4,0.0,0.0,0.55,0.33333333333333304,1.0,22,40,[],0
0.002,0.0008,0.02,0.02,7.999989333318247e-06,0.2,0.2,"[[0, 0, -1.387376471859085], [0, 0, -0.9591756990912271], [0, 0, -0.14502209845675101], [0, 0, 0.8801029841911021]]",4,0.0,0.0,0.55,0.331632653061224,1.0,22,40,[],0
0.002,0.0008,0.02,0.04,7.999989333318247e-06,0.2,0.2,"[[0, 0, -1.5907427633594602], [0, 0, 0.6523685243322871], [0, 0, 1.712726793201616], [0, 0, 0.05670967767181]]",4,0.0,0.0,0.5,0.28125,1.0,20,40,[],0
0.002,0.0008,0.04,0.0,7.999989333318247e-06,0.2,0.2,"[[0, 0, -1.362042836887731], [0, 0, 0.163386402807967], [0, 0, -0.259600860082534], [0, 0, -0.034272805806035006]]",4,0.0,0.0,0.47500000000000003,0.265,1.0,19,40,[],0
0.002,0.0008,0.04,0.1,7.999989333318247e-06,0.2,0.2,"[[0, 0, 0.12423482564293101], [0, 0, 0.157115839773548], [0, 0, 0.10758811174876001], [0, 0, 0.14996032493674602]]",4,0.0,0.0,0.625,0.4,1.0,25,40,[],0
0.002,0.0008,0.04,0.02,7.999989333318247e-06,0.2,0.2,"[[0, 0, -0.591903002641877], [0, 0, 1.494511597204042], [0, 0, 0.13416593048126002], [0, 0, 0.257554610032221]]",4,0.0,0.0,0.625,0.38775510204081604,1.0,25,40,[],0
0.002,0.0008,0.04,0.04,7.999989333318247e-06,0.2,0.2,"[[0, 0, -0.200807214220996], [0, 0, 0.0027804665066070004], [0, 0, 0.12366761317345601], [0, 0, -0.8827976095755921]]",4,0.0,0.0,0.47500000000000003,0.30208333333333304,1.0,19,40,[],0
0.002,0.001,0.01,0.0,1.2499973958357552e-05,0.2,0.2,"[[0, 0, 1.16127044149838], [0, 0, -0.299884907552994], [0, 0, -0.256876918226047], [0, 0, 1.309991848401939]]",4,0.0,0.0,0.425,0.22,1.0,17,40,[],0
0.002,0.001,0.01,0.1,1.2499973958357552e-05,0.2,0.2,"[[0, 0, 0.11981839116997701], [0, 0, -1.325476874654052], [0, 0, -2.007990488586036], [0, 0, 1.169174646001235]]",4,0.0,0.0,0.47500000000000003,0.238888888888888,1.0,19,40,[],0
0.002,0.001,0.01,0.02,1.2499973958357552e-05,0.2,0.2,"[[0, 0, 1.571943207468486], [0, 0, -0.703146576063702], [0, 0, -0.6584450544123911], [0, 0, 0.564876149904135]]",4,0.0,0.0,0.2,0.12244897959183601,1.0,8,40,[],0
0.002,0.001,0.01,0.04,1.2499973958357552e-05,0.2,0.2,"[[0, 0, -0.9729590722379351], [0, 0, -0.41906717892004003], [0, 0, 0.8399240736183411], [0, 0, -1.200523195849041]]",4,0.0,0.0,0.47500000000000003,0.31770833333333304,1.0,19,40,[],0
0.002,0.001,0.02,0.0,1.2499973958357552e-05,0.2,0.2,"[[0, 0, 0.180526820320135], [0, 0, -0.5993314570641061], [0, 0, -1.607427441030141], [0, 0, -1.262876247559595]]",4,0.0,0.0,0.375,0.22,1.0,15,40,[],0
0.002,0.001,0.02,0.1,1.2499973958357552e-05,0.2,0.2,"[[0, 0, -0.166331732195054], [0, 0, 1.137514876032102], [0, 0, -1.7649286683351182], [0, 0, 1.523287764758541]]",4,0.0,0.0,0.35000000000000003,0.21111111111111103,1.0,14,40,[],0
0.002,0.001,0.02,0.02,1.2499973958357552e-05,0.2,0.2,"[[0, 0, 0.783152185332433], [0, 0, 0.9819196745414841], [0, 0, -1.5181723559144369], [0, 0, 1.154263050607626]]",4,0.0,0.0,0.375,0.19897959183673403,1.0,15,40,[],0
0.002,0.001,0.02,0.04,1.2499973958357552e-05,0.2,0.2,"[[0, 0, -0.6445420268289971], [0, 0, -0.731506504723168], [0, 0, -1.100003016039627], [0, 0, 0.6275015069030611]]",4,0.0,0.0,0.30000000000000004,0.16666666666666602,1.0,12,40,[],0
0.002,0.001,0.04,0.0,1.2499973958357552e-05,0.2,0.2,"[[0, 0, -1.246088332333192], [0, 0, -1.077280959941425], [0, 0, 0.064639159886128], [0, 0, 0.9061141387491091]]",4,0.0,0.0,0.47500000000000003,0.24,1.0,19,40,[],0
0.002,0.001,0.04,0.1,1.2499973958357552e-05,0.2,0.2,"[[0, 0, -0.21250937548682602], [0, 0, 0.445383080845742], [0, 0, -0.959226693575515], [0, 0, -0.020740306406063003]]",4,0.0,0.0,0.30000000000000004,0.16666666666666602,1.0,12,40,[],0
0.002,0.001,0.04,0.02,1.2499973958357552e-05,0.2,0.2,"[[0, 0, 0.089707069323899], [0, 0, 0.095315364342112], [0, 0, 0.101177702398829], [0, 0, 0.8780423603782671]]",4,0.0,0.0,0.375,0.19897959183673403,1.0,15,40,[],0
0.002,0.001,0.04,0.04,1.2499973958357552e-05,0.2,0.2,"[[0, 0, 0.18845233465218503], [0, 0, -1.050913572828263], [0, 0, -0.698990444435027], [0, 0, -0.8162518633218591]]",4,0.0,0.0,0.30000000000000004,0.16666666666666602,1.0,12,40,[],0
0.004,0,0.01,0.0,1.124999789103853e-06,0.2,0.2,"[[0, 0, 2.644592083966946], [0, 0, 1.6570379795151822], [0, 0, 0.39027707102483805], [0, 0, 1.858068212206732]]",4,0.0,0.0,1.0,1.0,1.0,40,40,[],0
0.004,0,0.01,0.1,1.124999789103853e-06,0.2,0.2,"[[0, 0, 0.013977920110909], [0, 0, -0.12644920494664702], [0, 0, 0.22352143133550803], [0, 0, -1.237487273334162]]",4,0.0,0.0,1.0,1.005555555555555,0.9937500000000001,40,40,[],0
0.004,0,0.01,0.02,1.124999789103853e-06,0.2,0.2,"[[0, 0, 0.029545524839214004], [0, 0, -0.5787596970176131], [0, 0, 1.222993992779454], [0, 0, 0.45880770709811003]]",4,0.0,0.0,1.0,1.0,1.0,40,40,[],0
0.004,0,0.01,0.04,1.124999789103853e-06,0.2,0.2,"[[0, 0, 1.8058996098340012], [0, 0, 0.43238634046317304], [0, 0, -0.10197869067720601], [0, 0, 1.23025024997241]]",4,0.0,0.0,1.0,0.989583333333333,1.0,40,40,[],0
0.004,0,0.02,0.0,1.124999789103853e-06,0.2,0.2,"[[0, 0, 0.14845458592898803], [0, 0, -2.213944692014673], [0, 0, 0.502453947846849], [0, 0, 0.566737308879812]]",4,0.0,0.0,1.0,1.0,1.0,40,40,[],0
0.004,0,0.02,0.1,1.124999789103853e-06,0.2,0.2,"[[0, 0, 1.7157794819985912], [0, 0, -1.073240340327117], [0, 0, 0.29227037785966203], [0, 0, 0.270866178627898]]",4,0.0,0.0,1.0,1.0,1.0,40,40,[],0
0.004,0,0.02,0.02,1.124999789103853e-06,0.2,0.2,"[[0, 0, -0.7164183081410711], [0, 0, 0.437529032124266], [0, 0, -1.6944247969444022], [0, 0, -0.292467365656138]]",4,0.0,0.0,1.0,1.0,1.0,40,40,[],0
0.004,0,0.02,0.04,1.124999789103853e-06,0.2,0.2,"[[0, 0, -0.11248286123998001], [0, 0, 2.110738474670853], [0, 0, 0.165103035680765], [0, 0, -0.9121401770659461]]",4,0.0,0.0,1.0,1.0,1.0,40,40,[],0
0.004,0,0.04,0.0,1.124999789103853e-06,0.2,0.2,"[[0, 0, -0.261308943554081], [0, 0, -1.195357340864738], [0, 0, -0.46187870348547005], [0, 0, -1.349835048350167]]",4,0.0,0.0,1.0,1.0,1.0,40,40,[],0
0.004,0,0.04,0.1,1.124999789103853e-06,0.2,0.2,"[[0, 0, 1.369215220321396], [0, 0, 0.8134595656227821], [0, 0, 0.203134092800229], [0, 0, -0.6296936177987621]]",4,0.0,0.0,1.0,1.0,1.0,40,40,[],0
0.004,0,0.04,0.02,1.124999789103853e-06,0.2,0.2,"[[0, 0, -0.47652159235497804], [0, 0, 2.076607530350466], [0, 0, 1.10249769808918], [0, 0, 1.1298637075345601]]",4,0.0,0.0,1.0,0.9948979591836731,1.0,40,40,[],0
0.004,0,0.04,0.04,1.124999789103853e-06,0.2,0.2,"[[0, 0, -0.29890791410641604], [0, 0, 0.691717165279451], [0, 0, -0.6797327457599851], [0, 0, 0.6927170951153391]]",4,0.0,0.0,1.0,1.0,1.0,40,40,[],0
0.004,0.0002,0.01,0.0,1.124999789103853e-06,0.2,0.2,"[[0, 0, -1.519766744616073], [0, 0, -0.966981428726673], [0, 0, 0.6324965597318221], [0, 0, -1.566401060912768]]",4,0.0,0.0,1.0,0.9500000000000001,1.0,40,40,[],0
0.004,0.0002,0.01,0.1,1.124999789103853e-06,0.2,0.2,"[[0, 0, -0.679530690852243], [0, 0, 0.8765678209822281], [0, 0, -0.8334155843890081], [0, 0, -1.39699985364472]]",4,0.0,0.0,1.0,0.955555555555555,1.0,40,40,[],0
0.004,0.0002,0.01,0.02,1.124999789103853e-06,0.2,0.2,"[[0, 0, -0.34431750650873505], [0, 0, -0.792728969767972], [0, 0, 0.740642663943846], [0, 0, -0.573333648976188]]",4,0.0,0.0,1.0,0.9489795918367341,1.0,40,40,[],0
0.004,0.0002,0.01,0.04,1.124999789103853e-06,0.2,0.2,"[[0, 0, 1.235290381825817], [0, 0, 0.34122337164798305], [0, 0, 0.6659279514474951], [0, 0, -1.196788827584384]]",4,0.0,0.0,1.0,0.9479166666666661,1.0,40,40,[],0
0.004,0.0002,0.02,0.0,1.124999789103853e-06,0.2,0.2,"[[0, 0, -0.098577721698864], [0, 0, 0.16974314194341902], [0, 0, -0.9114637028089191], [0, 0, 0.6941033648547811]]",4,0.026315789473684,0.0,0.925,0.865,1.0,38,40,[3],0
0.004,0.0002,0.02,0.1,1.124999789103853e-06,0.2,0.2,"[[0, 0, -0.605592874127579], [0, 0, -2.180615893643208], [0, 0, 1.382348275212465], [0, 0, -0.910335988915954]]",4,0.0,0.0,1.0,0.927777777777777,1.0,40,40,[],0
0.004,0.0002,0.02,0.02,1.124999789103853e-06,0.2,0.2,"[[0, 0, 1.4591421377008271], [0, 0, -0.10869563954436401], [0, 0, 2.092044719675183], [0, 0, 0.10439943993589001]]",4,0.0,0.0,1.0,0.928571428571428,1.0,40,40,[],0
0.004,0.0002,0.02,0.04,1.124999789103853e-06,0.2,0.2,"[[0, 0, 0.238462465017258], [0, 0, -0.506562972614923], [0, 0, 1.340714363943401], [0, 0, 0.5158010740051321]]",4,0.0,0.0,1.0,0.9375,1.0,40,40,[],0
0.004,0.0002,0.04,0.0,1.124999789103853e-06,0.2,0.2,"[[0, 0, -1.031068833559319], [0, 0, -0.6895429297459571], [0, 0, -1.453183242057836], [0, 0, 0.24791119016178903]]",4,0.0,0.0,1.0,0.9400000000000001,1.0,40,40,[],0
0.004,0.0002,0.04,0.1,1.124999789103853e-06,0.2,0.2,"[[0, 0, 0.023564416672239002], [0, 0, 0.9731793058063081], [0, 0, -1.102312519281841], [0, 0, 0.7521896061524621]]",4,0.0,0.0,1.0,0.955555555555555,1.0,40,40,[],0
0.004,0.0002,0.04,0.02,1.124999789103853e-06,0.2,0.2,"[[0, 0, -0.5437179029557451], [0, 0, -1.029391264774945], [0, 0, 0.125965323743158], [0, 0, -0.9431902080016691]]",4,0.0,0.0,1.0,0.9030612244897951,1.0,40,40,[],0
0.004,0.0002,0.04,0.04,1.124999789103853e-06,0.2,0.2,"[[0, 0, 0.292062071381818], [0, 0, 1.0605818094500261], [0, 0, -0.151978151455394], [0, 0, -0.457417705569838]]",4,0.0,0.0,1.0,0.9322916666666661,1.0,40,40,[],0
0.004,0.0004,0.01,0.0,1.999999333368585e-06,0.2,0.2,"[[0, 0, 1.080409383038017], [0, 0, -0.49671576194868805], [0, 0, 1.200715725041843], [0, 0, -0.412624136019327]]",4,0.0,0.0,1.0,0.705,1.0,40,40,[],0
0.004,0.0004,0.01,0.1,1.999999333368585e-06,0.2,0.2,"[[0, 0, 0.13989359641971802], [0, 0, 1.464489447612186], [0, 0, -0.119852201409868], [0, 0, 1.68591897323019]]",4,0.0,0.0,1.0,0.738888888888888,1.0,40,40,[],0
0.004,0.0004,0.01,0.02,1.999999333368585e-06,0.2,0.2,"[[0, 0, -1.907929049493455], [0, 0, 0.7344992779793891], [0, 0, 0.33150243295692905], [0, 0, 1.100704931207259]]",4,0.0,0.0,1.0,0.7806122448979591,1.0,40,40,[],0
0.004,0.0004,0.01,0.04,1.999999333368585e-06,0.2,0.2,"[[0, 0, -1.006591853061443], [0, 0, -0.07399188177402301], [0, 0, -1.453243301600566], [0, 0, 0.655923389054034]]",4,0.0,0.0,0.975,0.692708333333333,1.0,39,40,[],0
0.004,0.0004,0.02,0.0,1.999999333368585e-06,0.2,0.2,"[[0, 0, -1.487366765555226], [0, 0, -1.035250391557945], [0, 0, -1.24093624577435], [0, 0, 0.7501290479031061]]",4,0.0,0.0,1.0,0.78,1.0,40,40,[],0
0.004,0.0004,0.02,0.1,1.999999333368585e-06,0.2,0.2,"[[0, 0, -0.364162830056705], [0, 0, -1.19690607234608], [0, 0, -0.40144617271709304], [0, 0, -0.333171174927535]]",4,0.0,0.0,1.0,0.805555555555555,1.0,40,40,[],0
0.004,0.0004,0.02,0.02,1.999999333368585e-06,0.2,0.2,"[[0, 0, -1.3468055489146211], [0, 0, -0.49467126580020504], [0, 0, 0.170171600996496], [0, 0, -0.68200791368666]]",4,0.0,0.0,1.0,0.75,1.0,40,40,[],0
0.004,0.0004,0.02,0.04,1.999999333368585e-06,0.2,0.2,"[[0, 0, -0.7475774479720291], [0, 0, 0.759050306126354], [0, 0, -0.7476440504457851], [0, 0, 1.058562071786735]]",4,0.0,0.0,0.975,0.734375,1.0,39,40,[],0
0.004,0.0004,0.04,0.0,1.999999333368585e-06,0.2,0.2,"[[0, 0, -0.18071445478901202], [0, 0, 0.154035332813437], [0, 0, -0.22573321200519], [0, 0, 0.9738892269411251]]",4,0.0,0.0,1.0,0.765,1.0,40,40,[],0
0.004,0.0004,0.04,0.1,1.999999333368585e-06,0.2,0.2,"[[0, 0, -1.127507123802904], [0, 0, -2.99506895755213], [0, 0, 0.496288567106527], [0, 0, 0.084469355605055]]",4,0.0,0.0,0.9500000000000001,0.711111111111111,1.0,38,40,[],0
0.004,0.0004,0.04,0.02,1.999999333368585e-06,0.2,0.2,"[[0, 0, -0.12109554340403202], [0, 0, -0.20664454708864302], [0, 0, -0.172957208663646], [0, 0, 0.5220073042923571]]",4,0.0,0.0,1.0,0.8367346938775511,1.0,40,40,[],0
0.004,0.0004,0.04,0.04,1.999999333368585e-06,0.2,0.2,"[[0, 0, 0.373540736424047], [0, 0, -0.111749882197805], [0, 0, 0.926761020376176], [0, 0, -1.303920438429739]]",4,0.0,0.0,0.975,0.7187500000000001,1.0,39,40,[],0
0.004,0.0006000000000000001,0.01,0.0,4.4999966249958945e-06,0.2,0.2,"[[0, 0, -1.067688068389965], [0, 0, -0.049666634677123005], [0, 0, -0.8182487827450671], [0, 0, 0.729948260836026]]",4,0.0,0.0,0.875,0.5750000000000001,1.0,35,40,[],0
0.004,0.0006000000000000001,0.01,0.1,4.4999966249958945e-06,0.2,0.2,"[[0, 0, -1.481514393392253], [0, 0, -0.040647662047718004], [0, 0, -0.5564333083084201], [0, 0, 0.670293717437309]]",4,0.0,0.0,0.85,0.555555555555555,1.0,34,40,[],0
0.004,0.0006000000000000001,0.01,0.02,4.4999966249958945e-06,0.2,0.2,"[[0, 0, 0.7817161002607491], [0, 0, 0.204344050631693], [0, 0, 0.912319571718712], [0, 0, 0.621969607030395]]",4,0.0,0.0,0.775,0.464285714285714,1.0,31,40,[],0
0.004,0.0006000000000000001,0.01,0.04,4.4999966249958945e-06,0.2,0.2,"[[0, 0, -1.483274225262445], [0, 0, -0.5958039923903881], [0, 0, -0.390312413906151], [0, 0, -1.511176931794876]]",4,0.0,0.0,0.8250000000000001,0.494791666666666,1.0,33,40,[],0
0.004,0.0006000000000000001,0.02,0.0,4.4999966249958945e-06,0.2,0.2,"[[0, 0, 0.7644259499875831], [0, 0, 1.352321312441975], [0, 0, -0.985310210640237], [0, 0, 0.23603147612219502]]",4,0.0,0.0,0.75,0.5,1.0,30,40,[],0
0.004,0.0006000000000000001,0.02,0.1,4.4999966249958945e-06,0.2,0.2,"[[0, 0, 0.148836914870939], [0, 0, 0.300117639805006], [0, 0, 1.370603341684701], [0, 0, -2.036866941360857]]",4,0.0,0.0,0.8,0.5444444444444441,1.0,32,40,[],0
0.004,0.0006000000000000001,0.02,0.02,4.4999966249958945e-06,0.2,0.2,"[[0, 0, -1.70790769061089], [0, 0, -0.48721404346003705], [0, 0, 1.5299866003988511], [0, 0, 1.4158148902821701]]",4,0.0,0.0,0.8,0.505102040816326,1.0,32,40,[],0
0.004,0.0006000000000000001,0.02,0.04,4.4999966249958945e-06,0.2,0.2,"[[0, 0, 1.749020074161515], [0, 0, 0.8331831395889441], [0, 0, -0.10553016249994601], [0, 0, -0.11913283085901101]]",4,0.0,0.0,0.9,0.614583333333333,1.0,36,40,[],0
0.004,0.0006000000000000001,0.04,0.0,4.4999966249958945e-06,0.2,0.2,"[[0, 0, -0.531136726540226], [0, 0, 2.941434085783818], [0, 0, 0.9168654713126481], [0, 0, -2.109877556270133]]",4,0.0,0.0,0.85,0.52,1.0,34,40,[],0
0.004,0.0006000000000000001,0.04,0.1,4.4999966249958945e-06,0.2,0.2,"[[0, 0, 2.542470488341316], [0, 0, -0.22987704409139903], [0, 0, -0.408044635793526], [0, 0, -1.051425890266283]]",4,0.0,0.0,0.75,0.477777777777777,0.986111111111111,30,40,[],0
0.004,0.0006000000000000001,0.04,0.02,4.4999966249958945e-06,0.2,0.2,"[[0, 0, 0.7161926654420541], [0, 0, -0.5416281704011391], [0, 0, -0.8827129776978161], [0, 0, -0.7521643903948211]]",4,0.0,0.0,0.875,0.5255102040816321,1.0,35,40,[],0
0.004,0.0006000000000000001,0.04,0.04,4.4999966249958945e-06,0.2,0.2,"[[0, 0, -1.792661733426419], [0, 0, 0.286149833217455], [0, 0, 0.7772433522754391], [0, 0, -0.759391491918315]]",4,0.0,0.0,0.85,0.5729166666666661,1.0,34,40,[],0
0.004,0.0008,0.01,0.0,7.999989333318247e-06,0.2,0.2,"[[0, 0, -0.831777650796211], [0, 0, -1.271793742862915], [0, 0, -0.202590728239242], [0, 0, 0.444035534134999]]",4,0.0,0.0,0.47500000000000003,0.28500000000000003,1.0,19,40,[],0
0.004,0.0008,0.01,0.1,7.999989333318247e-06,0.2,0.2,"[[0, 0, 0.6267839110551501], [0, 0, -1.699205023285857], [0, 0, 0.24253035324211702], [0, 0, -1.733010141720298]]",4,0.0,0.0,0.5750000000000001,0.34444444444444405,1.0,23,40,[],0
0.004,0.0008,0.01,0.02,7.999989333318247e-06,0.2,0.2,"[[0, 0, -1.121067938399093], [0, 0, 0.201384719526947], [0, 0, -0.28485696716859604], [0, 0, -0.473618969651927]]",4,0.0,0.0,0.4,0.23469387755102003,1.0,16,40,[],0
0.004,0.0008,0.01,0.04,7.999989333318247e-06,0.2,0.2,"[[0, 0, -0.933071626739394], [0, 0, -1.299037557783429], [0, 0, 0.837635138250238], [0, 0, -0.092417426395242]]",4,0.0,0.0,0.525,0.328125,1.0,21,40,[],0
0.004,0.0008,0.02,0.0,7.999989333318247e-06,0.2,0.2,"[[0, 0, -0.093388480354266], [0, 0, -0.525561435753179], [0, 0, -0.16096672888062202], [0, 0, 0.10617107688256901]]",4,0.0,0.0,0.47500000000000003,0.28500000000000003,1.0,19,40,[],0
0.004,0.0008,0.02,0.1,7.999989333318247e-06,0.2,0.2,"[[0, 0, 0.935824402161005], [0, 0, 0.838825265496642], [0, 0, 0.8736066746901131], [0, 0, 0.074578102291406]]",4,0.0,0.0,0.45,0.261111111111111,1.0,18,40,[],0
0.004,0.0008,0.02,0.02,7.999989333318247e-06,0.2,0.2,"[[0, 0, 1.019503278880856], [0, 0, -0.211484277319082], [0, 0, 0.14293856236348002], [0, 0, 1.586736094584991]]",4,0.0,0.0,0.5750000000000001,0.35204081632653,1.0,23,40,[],0
0.004,0.0008,0.02,0.04,7.999989333318247e-06,0.2,0.2,"[[0, 0, -0.498097492215175], [0, 0, 0.7101289733288121], [0, 0, -0.806738792201325], [0, 0, -0.176503131958718]]",4,0.0,0.0,0.5750000000000001,0.30208333333333304,1.0,23,40,[],0
0.004,0.0008,0.04,0.0,7.999989333318247e-06,0.2,0.2,"[[0, 0, -1.976842051026417], [0, 0, -1.018336631349839], [0, 0, -0.925565801847479], [0, 0, 0.5911611279550051]]",4,0.0,0.0,0.425,0.245,1.0,17,40,[],0
0.004,0.0008,0.04,0.1,7.999989333318247e-06,0.2,0.2,"[[0, 0, -0.608102844665215], [0, 0, -0.16537380729696302], [0, 0, -1.128620844879273], [0, 0, 1.285187933645237]]",4,0.0,0.0,0.45,0.305555555555555,1.0,18,40,[],0
0.004,0.0008,0.04,0.02,7.999989333318247e-06,0.2,0.2,"[[0, 0, 0.397938885408653], [0, 0, -0.21892825225929502], [0, 0, -0.8051722204782781], [0, 0, 0.7449791804243371]]",4,0.0,0.0,0.45,0.25510204081632604,1.0,18,40,[],0
0.004,0.0008,0.04,0.04,7.999989333318247e-06,0.2,0.2,"[[0, 0, -0.10000597889284701], [0, 0, 0.713458103585432], [0, 0, 0.967651027035862], [0, 0, 0.44460288744007403]]",4,0.0,0.0,0.5,0.28645833333333304,1.0,20,40,[],0
0.004,0.001,0.01,0.0,1.2499973958357552e-05,0.2,0.2,"[[0, 0, 0.233717289722906], [0, 0, -0.08439817808010301], [0, 0, 0.13890170496852], [0, 0, 1.444876858867592]]",4,0.0,0.0,0.47500000000000003,0.26,1.0,19,40,[],0
0.004,0.001,0.01,0.1,1.2499973958357552e-05,0.2,0.2,"[[0, 0, -0.10739380652574801], [0, 0, -0.12996229200539902], [0, 0, 0.20637688723060701], [0, 0, -0.48014013677266804]]",4,0.0,0.0,0.325,0.177777777777777,1.0,13,40,[],0
0.004,0.001,0.01,0.02,1.2499973958357552e-05,0.2,0.2,"[[0, 0, -1.05812567043946], [0, 0, 1.442326341503658], [0, 0, -1.118833048295581], [0, 0, -0.9083228327021651]]",4,0.0,0.0,0.4,0.204081632653061,1.0,16,40,[],0
0.004,0.001,0.01,0.04,1.2499973958357552e-05,0.2,0.2,"[[0, 0, 1.3347880513184291], [0, 0, -0.909884889733881], [0, 0, 0.064874965598889], [0, 0, 0.705343145476611]]",4,0.0,0.0,0.325,0.1875,1.0,13,40,[],0
0.004,0.001,0.02,0.0,1.2499973958357552e-05,0.2,0.2,"[[0, 0, 0.7427783625521931], [0, 0, -0.375996067957304], [0, 0, -1.1576465081927951], [0, 0, 0.895667043977296]]",4,0.0,0.0,0.4,0.23,1.0,16,40,[],0
0.004,0.001,0.02,0.1,1.2499973958357552e-05,0.2,0.2,"[[0, 0, 0.9867678094407021], [0, 0, 0.47662036807295005], [0, 0, 0.644851906127486], [0, 0, -0.20807314696730403]]",4,0.0,0.0,0.30000000000000004,0.177777777777777,1.0,12,40,[],0
0.004,0.001,0.02,0.02,1.2499973958357552e-05,0.2,0.2,"[[0, 0, 1.093099382715257], [0, 0, -0.099054797726199], [0, 0, -0.589456962368849], [0, 0, -0.238914171260587]]",4,0.0,0.0,0.5,0.280612244897959,1.0,20,40,[],0
0.004,0.001,0.02,0.04,1.2499973958357552e-05,0.2,0.2,"[[0, 0, 1.128987855057455], [0, 0, -0.205404860758606], [0, 0, -0.474669227311563], [0, 0, 0.8646306741806561]]",4,0.0,0.0,0.45,0.25,1.0,18,40,[],0
0.004,0.001,0.04,0.0,1.2499973958357552e-05,0.2,0.2,"[[0, 0, -0.34475967033334703], [0, 0, 0.9279013875766371], [0, 0, -0.8909426094387131], [0, 0, 1.601083265700026]]",4,0.0,0.0,0.225,0.13,1.0,9,40,[],0
0.004,0.001,0.04,0.1,1.2499973958357552e-05,0.2,0.2,"[[0, 0, 1.942842475573316], [0, 0, 0.476451700278162], [0, 0, 0.43847675842291906], [0, 0, -0.29333635969945604]]",4,0.058823529411764004,0.0,0.4,0.22222222222222202,1.0,17,40,[16],0
0.004,0.001,0.04,0.02,1.2499973958357552e-05,0.2,0.2,"[[0, 0, -2.14605725956923], [0, 0, 0.074538474358517], [0, 0, -0.767716348848503], [0, 0, 1.167207742606062]]",4,0.0,0.0,0.375,0.224489795918367,1.0,15,40,[],0
0.004,0.001,0.04,0.04,1.2499973958357552e-05,0.2,0.2,"[[0, 0, 0.8756427769607701], [0, 0, 0.6779754500217731], [0, 0, 1.938406942089996], [0, 0, 1.335105357300903]]",4,0.0,0.0,0.275,0.15104166666666602,1.0,11,40,[],0
0.0006000000000000001,0,0.01,0.0,1.124999789103853e-06,0.2,0.2,"[[0, 0, -0.39041145542396405], [0, 0, -1.27891251203807], [0, 0, 1.2162028185997271], [0, 0, -1.7732192034068581]]",4,0.025641025641025002,0.0,0.9500000000000001,0.9500000000000001,1.0,39,40,[3],0
0.0006000000000000001,0,0.01,0.1,1.124999789103853e-06,0.2,0.2,"[[0, 0, 2.300021064025894], [0, 0, -0.187547117300984], [0, 0, 0.6208677794454891], [0, 0, 0.9084503617813301]]",4,0.0,0.0,1.0,1.0,1.0,40,40,[],0
0.0006000000000000001,0,0.01,0.02,1.124999789103853e-06,0.2,0.2,"[[0, 0, -1.690359564142038], [0, 0, -1.0867765356777621], [0, 0, -1.344631550968011], [0, 0, 0.277034183202992]]",4,0.0,0.0,1.0,1.0,1.0,40,40,[],0
0.0006000000000000001,0,0.01,0.04,1.124999789103853e-06,0.2,0.2,"[[0, 0, 0.075906867392821], [0, 0, -0.820728116576781], [0, 0, 1.27888942527133], [0, 0, -0.185850238829593]]",4,0.0,0.0,1.0,1.0,1.0,40,40,[],0
0.0006000000000000001,0,0.02,0.0,1.124999789103853e-06,0.2,0.2,"[[0, 0, 1.09553237891408], [0, 0, -0.08564460663802301], [0, 0, -0.357515098282828], [0, 0, -0.39555848009604005]]",4,0.0,0.0,1.0,1.0,1.0,40,40,[],0
0.0006000000000000001,0,0.02,0.1,1.124999789103853e-06,0.2,0.2,"[[0, 0, 0.16969060130091101], [0, 0, -0.459558355169623], [0, 0, 0.924711640391479], [0, 0, 1.44877945728494]]",4,0.025,0.0,0.975,0.988888888888888,1.0,40,40,[39],0
0.0006000000000000001,0,0.02,0.02,1.124999789103853e-06,0.2,0.2,"[[0, 0, -1.5880240529174752], [0, 0, 0.05028167417163001], [0, 0, 2.063373409390189], [0, 0, 0.6406530744515361]]",4,0.0,0.0,1.0,1.0,1.0,40,40,[],0
0.0006000000000000001,0,0.02,0.04,1.124999789103853e-06,0.2,0.2,"[[0, 0, -0.34709922675111304], [0, 0, 1.432921808906301], [0, 0, 0.6412223769902321], [0, 0, -0.218412680624636]]",4,0.0,0.0,1.0,1.0,1.0,40,40,[],0
0.0006000000000000001,0,0.04,0.0,1.124999789103853e-06,0.2,0.2,"[[0, 0, 0.31690909630288805], [0, 0, -0.9097952720822121], [0, 0, 0.34316578411008], [0, 0, 1.2243507529433861]]",4,0.0,0.0,1.0,1.0,1.0,40,40,[],0
0.0006000000000000001,0,0.04,0.1,1.124999789103853e-06,0.2,0.2,"[[0, 0, -0.993804565029593], [0, 0, 1.391925150502881], [0, 0, -1.409884904230731], [0, 0, -0.020209005085244]]",4,0.0,0.0,1.0,1.0,1.0,40,40,[],0
0.0006000000000000001,0,0.04,0.02,1.124999789103853e-06,0.2,0.2,"[[0, 0, -0.8673344378827761], [0, 0, -2.178879533864908], [0, 0, 0.5907338939929621], [0, 0, 0.13555006179844]]",4,0.0,0.0,1.0,1.0,1.0,40,40,[],0
0.0006000000000000001,0,0.04,0.04,1.124999789103853e-06,0.2,0.2,"[[0, 0, 0.503080558079942], [0, 0, -0.38243560710489505], [0, 0, 0.9429036948542581], [0, 0, 0.9285413283316121]]",4,0.0,0.0,1.0,1.0,1.0,40,40,[],0
0.0006000000000000001,0.0002,0.01,0.0,1.124999789103853e-06,0.2,0.2,"[[0, 0, 0.042425431804469005], [0, 0, 0.83225098182469], [0, 0, -0.43433956517064704], [0, 0, 1.338584596068277]]",4,0.0,0.0,1.0,0.99,1.0,40,40,[],0
0.0006000000000000001,0.0002,0.01,0.1,1.124999789103853e-06,0.2,0.2,"[[0, 0, -0.069001414883244], [0, 0, 1.170832956665362], [0, 0, 0.5699121484807751], [0, 0, 1.120930177747528]]",4,0.0,0.0,1.0,0.988888888888888,1.0,40,40,[],0
0.0006000000000000001,0.0002,0.01,0.02,1.124999789103853e-06,0.2,0.2,"[[0, 0, 0.926121757442057], [0, 0, 0.379264565698178], [0, 0, -0.75905807252395], [0, 0, -0.7329141779617581]]",4,0.0,0.0,1.0,0.9846938775510201,1.0,40,40,[],0
0.0006000000000000001,0.0002,0.01,0.04,1.124999789103853e-06,0.2,0.2,"[[0, 0, 1.82814982914777], [0, 0, 0.29007656891550404], [0, 0, -0.17792415012801902], [0, 0, 1.288658837972069]]",4,0.0,0.0,1.0,0.9947916666666661,1.0,40,40,[],0
0.0006000000000000001,0.0002,0.02,0.0,1.124999789103853e-06,0.2,0.2,"[[0, 0, -0.042045039183489], [0, 0, 1.105371735886185], [0, 0, -1.173537304023846], [0, 0, 0.34291251842143505]]",4,0.0,0.0,1.0,0.995,1.0,40,40,[],0
0.0006000000000000001,0.0002,0.02,0.1,1.124999789103853e-06,0.2,0.2,"[[0, 0, 0.8701645200511021], [0, 0, -0.928926575804857], [0, 0, 1.693979176450743], [0, 0, 0.48418976435306005]]",4,0.0,0.0,1.0,0.9777777777777771,1.0,40,40,[],0
0.0006000000000000001,0.0002,0.02,0.02,1.124999789103853e-06,0.2,0.2,"[[0, 0, -1.05621399781283], [0, 0, -1.173874488881622], [0, 0, -0.311799794187038], [0, 0, 0.842033264166492]]",4,0.0,0.0,1.0,0.989795918367346,1.0,40,40,[],0
0.0006000000000000001,0.0002,0.02,0.04,1.124999789103853e-06,0.2,0.2,"[[0, 0, 0.9592717954872051], [0, 0, 1.6712613960163512], [0, 0, 0.036569720193328], [0, 0, -0.12854668745893702]]",4,0.0,0.0,1.0,0.984375,1.0,40,40,[],0
0.0006000000000000001,0.0002,0.04,0.0,1.124999789103853e-06,0.2,0.2,"[[0, 0, 0.31596071344005505], [0, 0, 0.46258123205926505], [0, 0, -0.306120690936082], [0, 0, -0.45313258309004306]]",4,0.0,0.0,1.0,0.99,1.0,40,40,[],0
0.0006000000000000001,0.0002,0.04,0.1,1.124999789103853e-06,0.2,0.2,"[[0, 0, 0.743554327640849], [0, 0, -0.688963633201852], [0, 0, -0.7929538301571151], [0, 0, -0.9571708622913621]]",4,0.0,0.0,1.0,1.0,1.0,40,40,[],0
0.0006000000000000001,0.0002,0.04,0.02,1.124999789103853e-06,0.2,0.2,"[[0, 0, 0.5696140917698801], [0, 0, 0.13535749086978502], [0, 0, 0.867596283265964], [0, 0, 0.21910206538491303]]",4,0.0,0.0,1.0,0.9795918367346931,1.0,40,40,[],0
0.0006000000000000001,0.0002,0.04,0.04,1.124999789103853e-06,0.2,0.2,"[[0, 0, -0.904715415320648], [0, 0, -1.012045334968743], [0, 0, 0.18213719223532301], [0, 0, -0.7774685914930031]]",4,0.0,0.0,1.0,0.984375,1.0,40,40,[],0
0.0006000000000000001,0.0004,0.01,0.0,1.999999333368585e-06,0.2,0.2,"[[0, 0, -2.031561876837699], [0, 0, 0.38941929929295604], [0, 0, 1.206319797675121], [0, 0, 1.451090233096141]]",4,0.0,0.0,1.0,0.81,1.0,40,40,[],0
0.0006000000000000001,0.0004,0.01,0.1,1.999999333368585e-06,0.2,0.2,"[[0, 0, -0.9731077144855521], [0, 0, 0.125876112435819], [0, 0, -0.6119780953688241], [0, 0, 2.289970378486594]]",4,0.0,0.0,1.0,0.7888888888888881,1.0,40,40,[],0
0.0006000000000000001,0.0004,0.01,0.02,1.999999333368585e-06,0.2,0.2,"[[0, 0, 0.34255677449451605], [0, 0, -0.398738569391246], [0, 0, 0.207573198866937], [0, 0, 1.186682089203099]]",4,0.0,0.0,0.975,0.8214285714285711,1.0,39,40,[],0
0.0006000000000000001,0.0004,0.01,0.04,1.999999333368585e-06,0.2,0.2,"[[0, 0, -0.07522743173969], [0, 0, -0.48126307132355806], [0, 0, -1.402984983880684], [0, 0, 1.051073424966035]]",4,0.0,0.0,1.0,0.796875,1.0,40,40,[],0
0.0006000000000000001,0.0004,0.02,0.0,1.999999333368585e-06,0.2,0.2,"[[0, 0, 1.682897429940771], [0, 0, 0.254564051039652], [0, 0, 0.13511923246506702], [0, 0, 0.736002931270592]]",4,0.0,0.0,1.0,0.8200000000000001,1.0,40,40,[],0
0.0006000000000000001,0.0004,0.02,0.1,1.999999333368585e-06,0.2,0.2,"[[0, 0, 0.5502057204667771], [0, 0, 0.45705891819542804], [0, 0, -0.22188199419338503], [0, 0, 0.654478285264333]]",4,0.0,0.0,0.975,0.7888888888888881,1.0,39,40,[],0
0.0006000000000000001,0.0004,0.02,0.02,1.999999333368585e-06,0.2,0.2,"[[0, 0, 0.655756721700756], [0, 0, 0.670214962243824], [0, 0, 0.8418347722604501], [0, 0, 0.746018107687435]]",4,0.0,0.0,1.0,0.785714285714285,1.0,40,40,[],0
0.0006000000000000001,0.0004,0.02,0.04,1.999999333368585e-06,0.2,0.2,"[[0, 0, 0.54916800879751], [0, 0, -0.47615127672837204], [0, 0, 1.2663358390837391], [0, 0, 0.544033628118269]]",4,0.025641025641025002,0.0,0.9500000000000001,0.765625,1.0,39,40,[15],0
0.0006000000000000001,0.0004,0.04,0.0,1.999999333368585e-06,0.2,0.2,"[[0, 0, 1.188801657020088], [0, 0, 0.39670048204537905], [0, 0, -1.163824350663743], [0, 0, 0.9031869043918]]",4,0.0,0.0,1.0,0.8150000000000001,1.0,40,40,[],0
0.0006000000000000001,0.0004,0.04,0.1,1.999999333368585e-06,0.2,0.2,"[[0, 0, 1.276426198355738], [0, 0, 1.011356407833891], [0, 0, -0.109164698234973], [0, 0, 1.826124965682299]]",4,0.0,0.0,1.0,0.7555555555555551,1.0,40,40,[],0
0.0006000000000000001,0.0004,0.04,0.02,1.999999333368585e-06,0.2,0.2,"[[0, 0, 0.5470972556329421], [0, 0, -0.5139478264459251], [0, 0, 0.63753961357971], [0, 0, -1.089473324220098]]",4,0.0,0.0,0.975,0.7806122448979591,1.0,39,40,[],0
0.0006000000000000001,0.0004,0.04,0.04,1.999999333368585e-06,0.2,0.2,"[[0, 0, 0.359020895989618], [0, 0, 1.550116549496552], [0, 0, -1.004782380189433], [0, 0, -1.573756356249477]]",4,0.0,0.0,0.975,0.75,1.0,39,40,[],0
0.0006000000000000001,0.0006000000000000001,0.01,0.0,4.4999966249958945e-06,0.2,0.2,"[[0, 0, -0.274023734078342], [0, 0, 0.107838623826847], [0, 0, -2.3479716802455313], [0, 0, 0.5168571405941731]]",4,0.0,0.0,0.725,0.485,1.0,29,40,[],0
0.0006000000000000001,0.0006000000000000001,0.01,0.1,4.4999966249958945e-06,0.2,0.2,"[[0, 0, 0.6075947077426951], [0, 0, 0.556294194438823], [0, 0, -0.371464316056338], [0, 0, -1.055052554878729]]",4,0.030303030303030002,0.0,0.8,0.5111111111111111,1.0,33,40,[2],0
0.0006000000000000001,0.0006000000000000001,0.01,0.02,4.4999966249958945e-06,0.2,0.2,"[[0, 0, -1.183800220788545], [0, 0, 0.7587558160454421], [0, 0, -0.344395966660058], [0, 0, -0.855667790592687]]",4,0.0,0.0,0.75,0.494897959183673,1.0,30,40,[],0
0.0006000000000000001,0.0006000000000000001,0.01,0.04,4.4999966249958945e-06,0.2,0.2,"[[0, 0, 1.036223904550009], [0, 0, -1.534156734499773], [0, 0, 0.36263632136516805], [0, 0, 0.157880622487792]]",4,0.0,0.0,0.725,0.479166666666666,1.0,29,40,[],0
0.0006000000000000001,0.0006000000000000001,0.02,0.0,4.4999966249958945e-06,0.2,0.2,"[[0, 0, -1.609168715157547], [0, 0, -1.2947526807837622], [0, 0, 0.362582033735096], [0, 0, 0.894186173891896]]",4,0.0,0.0,0.85,0.59,1.0,34,40,[],0
0.0006000000000000001,0.0006000000000000001,0.02,0.1,4.4999966249958945e-06,0.2,0.2,"[[0, 0, -1.10329363700303], [0, 0, -0.855511823670661], [0, 0, 2.248383557546169], [0, 0, -0.40130042002460703]]",4,0.0,0.0,0.8,0.5666666666666661,1.0,32,40,[],0
0.0006000000000000001,0.0006000000000000001,0.02,0.02,4.4999966249958945e-06,0.2,0.2,"[[0, 0, 0.323146291448176], [0, 0, 1.927647683816864], [0, 0, -0.486176083471397], [0, 0, -1.017515617961558]]",4,0.0,0.0,0.875,0.581632653061224,1.0,35,40,[],0
0.0006000000000000001,0.0006000000000000001,0.02,0.04,4.4999966249958945e-06,0.2,0.2,"[[0, 0, -0.48734514306890203], [0, 0, 1.1807587246191171], [0, 0, 0.12918284048852602], [0, 0, -0.873277428362452]]",4,0.0,0.0,0.85,0.59375,1.0,34,40,[],0
0.0006000000000000001,0.0006000000000000001,0.04,0.0,4.4999966249958945e-06,0.2,0.2,"[[0, 0, 0.52298345711704], [0, 0, -0.38817087350344304], [0, 0, 1.737896143378912], [0, 0, -2.258670049059893]]",4,0.0,0.0,0.8250000000000001,0.5650000000000001,1.0,33,40,[],0
0.0006000000000000001,0.0006000000000000001,0.04,0.1,4.4999966249958945e-06,0.2,0.2,"[[0, 0, -0.018868253180048002], [0, 0, 2.089723468405624], [0, 0, -1.1010848390983201], [0, 0, -0.355315970112184]]",4,0.0,0.0,0.875,0.616666666666666,1.0,35,40,[],0
0.0006000000000000001,0.0006000000000000001,0.04,0.02,4.4999966249958945e-06,0.2,0.2,"[[0, 0, -0.84339669888037], [0, 0, -0.956128919576647], [0, 0, -0.8405321982653411], [0, 0, 0.20430706557036601]]",4,0.0,0.0,0.85,0.5561224489795911,1.0,34,40,[],0
0.0006000000000000001,0.0006000000000000001,0.04,0.04,4.4999966249958945e-06,0.2,0.2,"[[0, 0, -1.542637218695501], [0, 0, 0.63464614972133], [0, 0, -0.682768817452981], [0, 0, -0.16034760876005003]]",4,0.0,0.0,0.9500000000000001,0.6510416666666661,1.0,38,40,[],0
0.0006000000000000001,0.0008,0.01,0.0,7.999989333318247e-06,0.2,0.2,"[[0, 0, 0.7249168583483221], [0, 0, -0.612982476512671], [0, 0, 0.718882560981531], [0, 0, -0.643779213209507]]",4,0.0,0.0,0.625,0.36,1.0,25,40,[],0
0.0006000000000000001,0.0008,0.01,0.1,7.999989333318247e-06,0.2,0.2,"[[0, 0, -0.08105529876978], [0, 0, 1.169390659282867], [0, 0, -1.113807836316635], [0, 0, -0.8368820506523431]]",4,0.0,0.0,0.525,0.31666666666666604,1.0,21,40,[],0
0.0006000000000000001,0.0008,0.01,0.02,7.999989333318247e-06,0.2,0.2,"[[0, 0, -0.423572565324064], [0, 0, 2.119363794132288], [0, 0, 1.079593532636474], [0, 0, 0.27660148416302205]]",4,0.0,0.0,0.6000000000000001,0.38775510204081604,1.0,24,40,[],0
0.0006000000000000001,0.0008,0.01,0.04,7.999989333318247e-06,0.2,0.2,"[[0, 0, 1.9858701259704992], [0, 0, 0.41245448069584606], [0, 0, -0.166486042307863], [0, 0, -1.444348552066592]]",4,0.0,0.0,0.75,0.453125,1.0,30,40,[],0
0.0006000000000000001,0.0008,0.02,0.0,7.999989333318247e-06,0.2,0.2,"[[0, 0, 0.535569453136851], [0, 0, -1.118803244101621], [0, 0, -0.424383494870602], [0, 0, -0.257908206186698]]",4,0.0,0.0,0.6000000000000001,0.37,1.0,24,40,[],0
0.0006000000000000001,0.0008,0.02,0.1,7.999989333318247e-06,0.2,0.2,"[[0, 0, 0.185949118063252], [0, 0, -0.889749640550726], [0, 0, 1.05194000152063], [0, 0, -0.8287944610529011]]",4,0.0,0.0,0.45,0.277777777777777,1.0,18,40,[],0
0.0006000000000000001,0.0008,0.02,0.02,7.999989333318247e-06,0.2,0.2,"[[0, 0, -1.5382443217911792], [0, 0, 1.034508432951829], [0, 0, 0.19670609395558603], [0, 0, -0.09071262233157201]]",4,0.0,0.0,0.525,0.27040816326530603,1.0,21,40,[],0
0.0006000000000000001,0.0008,0.02,0.04,7.999989333318247e-06,0.2,0.2,"[[0, 0, 1.734063504725662], [0, 0, 1.618871549686633], [0, 0, 1.531187096242532], [0, 0, 0.9004558799644641]]",4,0.0,0.0,0.675,0.375,1.0,27,40,[],0
0.0006000000000000001,0.0008,0.04,0.0,7.999989333318247e-06,0.2,0.2,"[[0, 0, 1.098624646590011], [0, 0, -0.136264615542324], [0, 0, 1.076854163919909], [0, 0, 1.11655482020528]]",4,0.0,0.0,0.5,0.295,1.0,20,40,[],0
0.0006000000000000001,0.0008,0.04,0.1,7.999989333318247e-06,0.2,0.2,"[[0, 0, 0.549500483440957], [0, 0, -0.698792116174984], [0, 0, 0.153959753886443], [0, 0, -0.11141454920295]]",4,0.0,0.0,0.6000000000000001,0.311111111111111,1.0,24,40,[],0
0.0006000000000000001,0.0008,0.04,0.02,7.999989333318247e-06,0.2,0.2,"[[0, 0, 0.38796584311922305], [0, 0, -0.296271933638296], [0, 0, 0.115150241298223], [0, 0, -0.5609481925325931]]",4,0.0,0.0,0.6000000000000001,0.35204081632653,1.0,24,40,[],0
0.0006000000000000001,0.0008,0.04,0.04,7.999989333318247e-06,0.2,0.2,"[[0, 0, -1.15541785482767], [0, 0, -0.594421499726281], [0, 0, -0.025503355533092003], [0, 0, -0.042158277040486004]]",4,0.0,0.0,0.6000000000000001,0.33333333333333304,1.0,24,40,[],0
0.0006000000000000001,0.001,0.01,0.0,1.2499973958357552e-05,0.2,0.2,"[[0, 0, -0.069660167248908], [0, 0, -0.067112461016157], [0, 0, 1.733622106293788], [0, 0, -1.017911607398528]]",4,0.0,0.0,0.375,0.24,1.0,15,40,[],0
0.0006000000000000001,0.001,0.01,0.1,1.2499973958357552e-05,0.2,0.2,"[[0, 0, 0.071566346338928], [0, 0, 0.57567370401452], [0, 0, 0.46297311178454703], [0, 0, -2.396236029226664]]",4,0.0,0.0,0.35000000000000003,0.2,1.0,14,40,[],0
0.0006000000000000001,0.001,0.01,0.02,1.2499973958357552e-05,0.2,0.2,"[[0, 0, -1.144158756361761], [0, 0, 0.05801661458552201], [0, 0, -0.576153296995457], [0, 0, -1.551634525825634]]",4,0.0,0.0,0.45,0.25510204081632604,1.0,18,40,[],0
0.0006000000000000001,0.001,0.01,0.04,1.2499973958357552e-05,0.2,0.2,"[[0, 0, -0.744943609962174], [0, 0, 0.957354543285668], [0, 0, 0.6083858936172151], [0, 0, -1.100379700521943]]",4,0.0,0.0,0.45,0.24479166666666602,1.0,18,40,[],0
0.0006000000000000001,0.001,0.02,0.0,1.2499973958357552e-05,0.2,0.2,"[[0, 0, -0.7048357858391641], [0, 0, 1.079000212723152], [0, 0, -0.36488763180625705], [0, 0, 0.060188402126806005]]",4,0.0,0.0,0.30000000000000004,0.19,1.0,12,40,[],0
0.0006000000000000001,0.001,0.02,0.1,1.2499973958357552e-05,0.2,0.2,"[[0, 0, 0.43727063405326405], [0, 0, 0.094623601670394], [0, 0, 0.647549509573074], [0, 0, -0.8530103879627481]]",4,0.0,0.0,0.4,0.25,1.0,16,40,[],0
0.0006000000000000001,0.001,0.02,0.02,1.2499973958357552e-05,0.2,0.2,"[[0, 0, -1.215350073527915], [0, 0, -0.36358195841873703], [0, 0, 0.706303790126887], [0, 0, -0.22430134950412903]]",4,0.0,0.0,0.55,0.32653061224489704,1.0,22,40,[],0
0.0006000000000000001,0.001,0.02,0.04,1.2499973958357552e-05,0.2,0.2,"[[0, 0, -0.850650302820914], [0, 0, 1.914208883318702], [0, 0, -0.295309935548425], [0, 0, -0.49148574164969505]]",4,0.0,0.0,0.325,0.177083333333333,1.0,13,40,[],0
0.0006000000000000001,0.001,0.04,0.0,1.2499973958357552e-05,0.2,0.2,"[[0, 0, 0.433582939631564], [0, 0, 0.771371843482974], [0, 0, 1.041725807935479], [0, 0, -0.940303396216374]]",4,0.0,0.0,0.4,0.23,1.0,16,40,[],0
0.0006000000000000001,0.001,0.04,0.1,1.2499973958357552e-05,0.2,0.2,"[[0, 0, 1.874640741165356], [0, 0, 0.571565137443382], [0, 0, 1.865464972867947], [0, 0, 0.009624443927686]]",4,0.0,0.0,0.45,0.294444444444444,1.0,18,40,[],0
0.0006000000000000001,0.001,0.04,0.02,1.2499973958357552e-05,0.2,0.2,"[[0, 0, -0.284010680681116], [0, 0, 0.391511018374177], [0, 0, -0.5988874615228901], [0, 0, -0.504105034089362]]",4,0.0,0.0,0.425,0.25,1.0,17,40,[],0
0.0006000000000000001,0.001,0.04,0.04,1.2499973958357552e-05,0.2,0.2,"[[0, 0, 0.726777613633511], [0, 0, 1.586363455929522], [0, 0, -0.419907647496631], [0, 0, 1.58359844703628]]",4,0.0,0.0,0.325,0.192708333333333,1.0,13,40,[],0
